ASSY - UNDERCARRIAGE,296407971,5, - ,,,,,-
WELDMENT - UNDERCARRIAGE,296407972,3,,,1,,,-
WELDMENT - FRAME MIDDLE,296407973,3,,,1,,,-
TUBE - TRACK FRAME,296407977,2,,,2,,,-
PLATE - ENGINE SUPPORT,296407985,2,,,1,,,-
PLATE - RACK PIVOT SUPPORT,296481524,2,,,1,,,-
GUSSET - FRAME,296407979,2,,,1,,,-
PLATE-BATTERY BOX,296411543,2,,,1,,,-
NUT-WELDHEX-.38-16-PPWNL-PREVTQ-PLN,240255001,1,,,2,,,-
PLATE - RACK MOUNT BASE,296407978,2,,,1,,,-
PLATE-UNDERCARRAIGE,296411649,2,,,1,,,-
ROD - HOSE CATCH,296454549,2,,,1,,,-
ROD - HOSE CATCH,296454548,2,,,1,,,-
ROD - HOSE GUARD,296497851,2,,,1,,,-
PLATE - TRACK AND FRAME SUPPORT,296407995,2,,,1,,,-
LINK-HARNESS TIEDOWN,109430001,1,,,3,,,-
NUT-WELDHEX-.38-16-PPWNS-PLN,60063013,1,,,9,,,-
"PLATE - SPACER, HOOD WEATHER STRIP",296431081,2,,,3,,,-
PLATE -  HYD ENABLE MOUNT,296438353,2,,,1,,,-
NUT-WELDHEX-.50-13-PPWNL-PLN,60063017,1,,,2,,,-
NUT-WELDTAB-.31-18-CTR-PLN,60063015,1,,,2,,,-
ROD - HOSE CATCH,296454551,2,,,1,,,-
ROD - HOSE GUIDE FRAME,296481707,2,,,1,,,-
WELD RING-OVAL 2.75 X 1.25 ID X 3/8 ROD DIA,296307104,1,,,1,,,-
PLATE - BOTTOM TANK MOUNT,296481525,2,,,1,,,-
WELDRING-OVAL-.38X1.25X4.38-PLN,296307103,1,,,1,,,-
NUT-WELDHEX-.25-20-PPWNL-PLN,242644001,1,,,2,,,-
PLATE - FRAME BRACE,635205225,2,,,1,,,-
PLATE - GUSSET,635205226,2,,,5,,,-
PLATE - GUSSET,635205227,2,,,1,,,-
PLATE - GUSSET,635205228,2,,,1,,,-
BAR - TAPPED BLOCK,296398661,2,,,2,,,-
ROD-HOSE GUARD,296497852,2,,,1,,,-
SCREW-HCS-.50-13X1.00-GR8-PLN,75381010,1,,,1,,,-
GUIDE-HOSE,296504063,2,,,1,,,-
"WELD RING-CIRCLE-2"" I.D X 0.25 ROD DIA",510503865,1,,,1,,,-
NUT-WELDHEX-M12-1.75-D929-PLN,508482012,1,,,2,,,-
RAIL - RIGHT TRACK,296481585,3,,,1,,,-
TUBE - PLANETARY MOUNT,296288623,2,,,1,,,-
SUPPORT - FRONT TRACK,296257477,,,,1,,,-
BRACKET - D-RING,219141001,1,,,1,,,-
D-RING B40R (FORGED),219136001,1,,,1,,,-
PLATE - PLANETARY MOUNT,296422984,2,,,1,,,-
PLATE - TUBE SUPPORT,296442095,2,,,2,,,-
PLATE - FRONT ENGINE SUPPORT,296481599,2,,,1,,,-
PLATE-RIGHT TRACK RAIL,296481590,2,,,1,,,-
BAR-TOP SLIDE,296407843,2,,,2,,,-
BAR-BOTTOM SHORT SLIDE,296296006,2,,,2,,,-
PLATE-INSIDE RAIL,296407831,2,,,1,,,-
PLATE-SMALL TRUSS,296288605,2,,,1,,,-
PLATE-TIGHTNER PUSH,296288607,2,,,1,,,-
PLATE-FRONT TRUSS,296288598,2,,,1,,,-
PLATE-ACCESS TRUSS,296288604,2,,,1,,,-
SHEET - TRACK SUPPORT WEBBING,296388321,2,,,1,,,-
NUT-WELDHEX-.50-13-PPWNS-PLN,60063007,1,,,5,,,-
SUBWELD - LEFTTRACK,296481586,3,,,1,,,-
TUBE - PLANETARY MOUNT,296288623,2,,,1,,,-
D-RING B40R (FORGED),219136001,1,,,1,,,-
BRACKET - D-RING,219141001,1,,,1,,,-
SUPPORT - FRONT TRACK,296257477,,,,1,,,-
PLATE-LEFT TRACK RAIL,296481589,2,,,1,,,-
BAR-TOP SLIDE,296407843,2,,,2,,,-
BAR-BOTTOM SHORT SLIDE,296296006,2,,,2,,,-
PLATE-INSIDE RAIL,296407831,2,,,1,,,-
PLATE-SMALL TRUSS,296288605,2,,,1,,,-
PLATE-TIGHTNER PUSH,296288607,2,,,1,,,-
PLATE-FRONT TRUSS,296288598,2,,,1,,,-
PLATE-ACCESS TRUSS,296288604,2,,,1,,,-
PLATE - PLANETARY MOUNT,296422984,2,,,1,,,-
PLATE - TUBE SUPPORT,296442095,2,,,2,,,-
PLATE - OUTRIGGER MOUNT,296481592,2,,,1,,,-
SHEET - TRACK SUPPORT WEBBING,296388321,2,,,1,,,-
"WELD RING-CIRCLE-2"" I.D X 0.25 ROD DIA",510503865,1,,,1,,,-
NUT-WELDHEX-.50-13-PPWNS-PLN,60063007,1,,,5,,,-
SUB WELDMENT - REAR SUPPORT,296407974,3,,,1,,,-
PLATE - LEFT ENGINE BAY,296474692,2,,,1,,,-
BAR-ENGINE MOUNT,296411739,2,,,4,,,-
LINK-HARNESS TIEDOWN,109430001,1,,,7,,,-
PLATE-ENGINE SIDE,296411627,2,,,1,,,-
PLATE - ENGINE MOUNT,296407994,2,,,1,,,-
PLATE - TIE DOWN,635205233,2,,,1,,,-
PLATE - MUD SHIELD,296420375,2,,,1,,,-
PLATE - ENGINE - D23DR,296481616,2,,,1,,,-
PLATE - OUTRIGGER HOSE GUARD,296411730,2,,,1,,,-
"WELD RING-CIRCLE-2"" I.D X 0.25 ROD DIA",510503865,1,,,5,,,-
PLATE - WATER PUMP MOUNT,296497853,2,,,1,,,-
PLATE - RADIATOR MOUNT,296420351,2,,,1,,,-
NUT-WELDHEX-.38-16-PPWNS-PLN,60063013,1,,,16,,,-
NUT-WELDHEX-.50-13-PPWNS-PLN,60063007,1,,,10,,,-
PLATE - ENGINE SUPPORT - D23DR,296481615,2,,,1,,,-
BAR - GUIDE,296411751,2,,,1,,,-
PLATE - GUIDE,296411750,2,,,2,,,-
WELDRING-OVAL.38X2.00X3.50-PLN,296344844,1,,,9,,,-
WELD RING-CIRCLE-2.25 ID X 0.38 ROD DIA,163721350,1,,,2,,,-
BAR - GUIDE,296431002,2,,,1,,,-
BAR - HOSE GUIDE,296503300,2,,,1,,,-
PLATE - BULKHEAD,296497854,2,,,1,,,-
TUBE-OIL DRAIN,296545034,2,,,1,,,-
RING-OIL DRAIN,296545035,2,,,1,,,-
PLATE - DEF MOUNT,296420355,2,,,1,,,-
PLATE - DEF MOUNT SIDE,296431246,2,,,1,,,-
PLATE - HOSE SUPPORT,296407874,2,,,1,,,-
PLATE - TAPPED HOOD BUMP BLOCK,296407875,2,,,1,,,-
PLATE - BULKHEAD MOUNT,296431262,2,,,1,,,-
PLATE - RETRIEVAL GUSSET,296407879,2,,,1,,,-
BAR- HOSE GUIDE,279375001,2,,,1,,,-
PLATE - GUSSET,635205234,2,,,1,,,-
PLATE - FRAME MOUNT FUSE BOX OFFSET,163791836,2,,,1,,,-
ROD - 4.6 INCH,296524292,2,,,2,,,-
NUT-WELDHEX-.25-20-PPWNL-PLN,242644001,1,,,2,,,-
PLATE - TRACK FRONT GUSSET,296411650,2,,,2,,,-
PLATE-RACK MOUNT,296407981,2,,,1,,,-
BAR - LOWER PIVOT MOUNT,296407980,2,,,2,,,-
SUBWELDMENT - OPERATOR MOUNT,296407975,3,,,1,,,-
TUBE-OPERATOR BRACE,296411549,2,,,1,,,-
BAR-PIVOT POST,296276653,2,,,1,,,-
TUBE-OPERATOR PIVOT,296410553,2,,,1,,,-
PLATE - OPERATOR SIDE,296411550,2,,,1,,,-
PLATE-COVER,296486274,2,,,1,,,-
PLATE - OPERATOR MOUNT SUPPORT,296411552,2,,,1,,,-
PLATE - ELECTRICAL COMPONENT MOUNT,296481534,2,,,1,,,-
PLATE - ELECTRICAL,296407987,2,,,1,,,-
PLATE - BULK HEAD,296477774,2,,,1,,,-
NUT-WELDHEX-.38-16-PPWNS-PLN,60063013,1,,,5,,,-
"PLATE - SPACER, HOOD WEATHER STRIP",296431081,2,,,5,,,-
WELDMENT - SEAT PIVOT LOCK,296438479,3,,,1,,,-
PLATE-PIVOT LOCK PLATE,296438467,2,,,1,,,-
PLATE - PIVOT STOP,296438478,2,,,2,,,-
WELDRING-OVAL.38X2.00X3.50-PLN,296344844,1,,,2,,,-
PLATE - FRONT HOOD MOUNT,296455586,2,,,1,,,-
"WELD RING-CIRCLE-2"" I.D X 0.25 ROD DIA",510503865,1,,,2,,,-
PLATE - POSITIVE JUMPER MOUNT,296486257,2,,,1,,,-
NUT-WELDHEX-.25-20-PPWNL-PLN,242644001,1,,,4,,,-
LINK-HARNESS TIEDOWN,109430001,1,,,2,,,-
NUT-WELDTAB-10-24-CTR-PLN,60063009,1,,,2,,,-
ROD - HOSE CATCH,296454551,2,,,1,,,-
NUT-WELDHEX-M12-1.75-D929-PLN,508482012,1,,,4,,,-
PLATE - RACK PIVOT BRACE,296411699,2,,,1,,,-
"WELD RING-CIRCLE-2"" I.D X 0.25 ROD DIA",510503865,1,,,2,,,-
PLATE - CENTER STIFFENER,296411733,2,,,1,,,-
WELDMENT - OUTRIGGER MOUNT,296407976,3,,,1,,,-
PLATE - PIVOT RH,296481618,2,,,1,,,-
PLATE - OUTRIGGER SUPPORT,296407996,2,,,1,,,-
PLATE - PIVOT BRACE,296407997,2,,,1,,,-
PLATE - PIN SUPPORT,296481593,2,,,1,,,-
BAR - OUTRIGGER CYL,296481519,2,,,2,,,-
BAR - OUTRIGGER CYL,296481624,2,,,2,,,-
NUT-WELDHEX-.38-16-PPWNS-PLN,60063013,1,,,2,,,-
"WELD RING-CIRCLE-2"" I.D X 0.25 ROD DIA",510503865,1,,,1,,,-
PLATE - OUTRIGGER MNT GUSSET,296481596,2,,,1,,,-
PLATE - OUTRIGGER MNT GUSSET,296481597,2,,,1,,,-
PLATE - OUTRIGGER MNT CNTR GUSSET,296481598,2,,,1,,,-
PLATE - TAIL ISOLATOR,296411740,2,,,1,,,-
BAR-ENGINE MOUNT,296411739,2,,,1,,,-
PLATE - GUSSET,296407830,2,,,2,,,-
PLATE - CYLINDER EAR,296481591,2,,,2,,,-
BAR - OUTRIGGER CYL,296388373,1,,,2,,,-
PLATE - GREASE ZERK MOUNT,296481564,2,,,1,,,-
NUT-WELDHEX-.38-16-PPWNS-PLN,60063013,1,,,1,,,-
WELDRING-OVAL.38X2.00X3.50-PLN,296344844,1,,,1,,,-
LINK-HARNESS TIEDOWN,109430001,1,,,3,,,-
PLATE - GUSSET,635205230,2,,,2,,,-
PLATE - GUSSET BRACE,635205231,2,,,1,,,-
PLATE - TRACK FRAME BRACE,635205232,2,,,1,,,-
TUBE - FRAME CROSS SUPPORT,296477829,2,,,1,,,-
PLATE-NUT LOCK,296420844,2,,,2,,,-
COVER-TRACK TENSION,296481614,2,,,1,,,-
SCREW-HFS-.38-16X1.00-GR8,296300772,1,,,2,,,-
DECAL - TIE DOWN POINT,7000i834,1,,,5,,,-
ROLLER-BERCO TRACK,296296139,1,,,12,,,-
SCREW-HFS-M14-2.0X30-10.9,296300912,1,,,24,,,-
FITTING-BHSTR-16MORFF-16MORFF-LN,157812001,1,,,4,,,-
REAR HOOD STOP,296420462,3,,,2,,,-
STOP BUMPER MOUNT,296420461,2,,,1,,,-
NUT-WELDHEX-.38-16-PPWNS-PLN,60063013,1,,,1,,,-
SCREW-HFS-.25-20X.50-GR8,296300751,1,,,4,,,-
WELDMENT - DIVERTER HOSE COVER,296503303,3,,,1,,,-
PLATE - DIVERTER HOSE COVER,296503304,2,,,1,,,-
NUT-WELDHEX-.38-16-PPWNS-PLN,60063013,1,,,4,,,-
LINK-HARNESS TIEDOWN,109430001,1,,,2,,,-
BAR - HOSE GUIDE,296503306,2,,,1,,,-
SCREW-HFS-.38-16X.75-GR8,296300771,1,,,4,,,-
MOUNT-SANDWICH SINGLE STUD,122474001,1,,,2,,,-
"STRIP-EDGE SEAL 1/2"" X 5.5""",296454550,2,,,1,,,-
FITTING-BHRTEE-8MORFF-8MORFFBH-8MORFF,400011002,1,,,1,,,-
COVER-TRACK TENSION,296481627,2,,,1,,,-
SCREW-HFS-.50-13X1.00-GR8,296300788,1,,,10,,,-
WELDMENT-UNDERCARRIAGE SKID PLATE,296481734,3,,,1,,,-
PLATE-UNDERCARRIAGE SKID PLATE,296481733,2,,,1,,,-
WELDRING-OVAL-.38X1.25X4.38-PLN,296307103,1,,,2,,,-
WASHER-FLATSAE-.50-.53X1.06-.09,252253001,1,,,3,,,-
SCREW-HFS-.50-13X.75-GR8,296300873,1,,,2,,,-
FITTING- STR- 10MORFF- 8FORFF,296497793,1,,,1,,,-
NUT-HEXFLGTL-.50-13-G,296300851,1,,,1,,,-
"TRIM - 1/4 EDGE 0.50"" X 9.0""",635244848,2,,,1,,,-
WASHER-FLATSTRL-.25-.28X63-.06,235716001,1,,,4,,,-
NUT-HEX-.25-20-GR8,235732001,1,,,2,,,-
SCREW-HCS-.25-20X.75-GR8,235734001,1,,,2,,,-
PLATE - BOLT ON FUSE BOX MNT,163791989,2,,,1,,,-
